Products and product groups	Jan-01	Feb-01	Mar-01	Apr-01	May-01	Jun-01	Jul-01	Aug-01	Sep-01	Oct-01	Nov-01	Dec-01	Jan-02	Feb-02	Mar-02	Apr-02	May-02	Jun-02	Jul-02	Aug-02	Sep-02	Oct-02	Nov-02	Dec-02	Jan-03	Feb-03	Mar-03	Apr-03	May-03	Jun-03	Jul-03	Aug-03	Sep-03	Oct-03	Nov-03	Dec-03	Jan-04	Feb-04	Mar-04	Apr-04	May-04	Jun-04	Jul-04	Aug-04	Sep-04	Oct-04	Nov-04	Dec-04	Jan-05	Feb-05	Mar-05	Apr-05	May-05	Jun-05	Jul-05	Aug-05	Sep-05	Oct-05	Nov-05	Dec-05	Jan-06	Feb-06	Mar-06	Apr-06	May-06	Jun-06	Jul-06	Aug-06	Sep-06	Oct-06	Nov-06	Dec-06	Jan-07	Feb-07	Mar-07	Apr-07	May-07	Jun-07	Jul-07	Aug-07	Sep-07	Oct-07	Nov-07	Dec-07	Jan-08	Feb-08	Mar-08	Apr-08	May-08	Jun-08	Jul-08	Aug-08	Sep-08	Oct-08	Nov-08	Dec-08	Jan-09	Feb-09	Mar-09	Apr-09	May-09	Jun-09	Jul-09	Aug-09	Sep-09	Oct-09	Nov-09	Dec-09	Jan-10	Feb-10	Mar-10	Apr-10	May-10	Jun-10	Jul-10	Aug-10	Sep-10	Oct-10	Nov-10	Dec-10	Jan-11	Feb-11	Mar-11	Apr-11	May-11	Jun-11	Jul-11	Aug-11	Sep-11	Oct-11	Nov-11	Dec-11	Jan-12	Feb-12	Mar-12	Apr-12	May-12	Jun-12	Jul-12	Aug-12	Sep-12	Oct-12	Nov-12	Dec-12	Jan-13	Feb-13	Mar-13	Apr-13	May-13	Jun-13	Jul-13	Aug-13	Sep-13	Oct-13	Nov-13	Dec-13	Jan-14	Feb-14	Mar-14	Apr-14	May-14	Jun-14	Jul-14	Aug-14	Sep-14	Oct-14	Nov-14	Dec-14	Jan-15	Feb-15	Mar-15	Apr-15	May-15	Jun-15	Jul-15	Aug-15	Sep-15	Oct-15	Nov-15	Dec-15	Jan-16	Feb-16	Mar-16	Apr-16	May-16	Jun-16	Jul-16	Aug-16	Sep-16	Oct-16	Nov-16	Dec-16	Jan-17	Feb-17	Mar-17	Apr-17	May-17	Jun-17	Jul-17	Aug-17	Sep-17	Oct-17	Nov-17	Dec-17	Jan-18	Feb-18	Mar-18	Apr-18	May-18	Jun-18	Jul-18	Aug-18	Sep-18	Oct-18	Nov-18	Dec-18	Jan-19	Feb-19	Mar-19	Apr-19	May-19	Jun-19	Jul-19	Aug-19	Sep-19	Oct-19	Nov-19	Dec-19	Jan-20	Feb-20	Mar-20	Apr-20	May-20	Jun-20	Jul-20	Aug-20	Sep-20	Oct-20	Nov-20	Dec-20	Jan-21	Feb-21	Mar-21	Apr-21	May-21	Jun-21	Jul-21	Aug-21	Sep-21	Oct-21	Nov-21	Dec-21	Jan-22	Feb-22
All-items	96.3	96.8	97.1	97.8	98.6	98.7	98.4	98.4	98.6	98.1	97.2	97.4	97.6	98.2	98.9	99.5	99.7	99.9	100.5	100.9	100.9	101.2	101.5	101.1	102	102.8	103.1	102.4	102.5	102.5	102.6	102.9	103.1	102.8	103.1	103.2	103.3	103.5	103.9	104.1	105	105.1	105	104.8	105	105.2	105.6	105.4	105.3	105.7	106.3	106.6	106.7	106.9	107.1	107.5	108.4	107.9	107.7	107.6	108.2	108	108.6	109.2	109.7	109.5	109.6	109.8	109.2	109	109.2	109.4	109.4	110.2	111.1	111.6	112.1	111.9	112	111.7	111.9	111.6	111.9	112	111.8	112.2	112.6	113.5	114.6	115.4	115.8	115.6	115.7	114.5	114.1	113.3	113	113.8	114	113.9	114.7	115.1	114.7	114.7	114.7	114.6	115.2	114.8	115.1	115.6	115.6	116	116.3	116.2	116.8	116.7	116.9	117.4	117.5	117.5	117.8	118.1	119.4	119.8	120.6	119.8	120	120.3	120.6	120.8	120.9	120.2	120.7	121.2	121.7	122.2	122.1	121.6	121.5	121.8	122	122.2	121.9	121.2	121.3	122.7	122.9	122.7	123	123	123.1	123.1	123.3	123	123	122.7	123.1	124.1	124.8	125.2	125.8	125.9	125.7	125.7	125.8	125.9	125.4	124.5	124.3	125.4	126.3	126.2	126.9	127.2	127.3	127.3	127.1	127.2	127.1	126.5	126.8	127.1	127.9	128.3	128.8	129.1	128.9	128.7	128.8	129.1	128.6	128.4	129.5	129.7	129.9	130.4	130.5	130.4	130.4	130.5	130.8	130.9	131.3	130.8	131.7	132.5	132.9	133.3	133.4	133.6	134.3	134.2	133.7	134.1	133.5	133.4	133.6	134.5	135.4	136	136.6	136.3	137	136.8	136.2	136.6	136.4	136.4	136.8	137.4	136.6	135.7	136.1	137.2	137.2	137	136.9	137.5	137.7	137.4	138.2	138.9	139.6	140.3	141	141.4	142.3	142.6	142.9	143.9	144.2	144	145.3	146.8
Food	95.3	96.1	96.9	97.2	98	98.2	98.6	97.9	97.2	97	97.5	98.6	99.7	100.3	100.1	100.5	100.1	100.5	100.5	99.9	99	98.5	100.1	100.8	101.6	101.5	101.7	101.8	102.1	102.4	102.4	101.5	100.8	100.7	101.7	102.6	102.8	102.6	102.7	102.5	103.4	104.4	104.4	104.1	103.7	104.2	105.2	105.7	105.4	105.2	105.6	106.6	106.8	107.2	106.9	106.8	105.8	106.2	106.7	107.5	108.4	108.2	108.2	108.1	108.7	109.2	109.2	109.2	108.8	109.2	110.1	109.9	110.9	112.6	112.2	112.2	112.5	112.6	112.3	111.8	110.9	110.7	111.3	111.7	112.4	112.8	112.6	113.5	114.6	115.8	116.5	116.8	117.1	117.4	119.5	119.8	120.6	121.2	121.5	121.6	121.9	122.2	122.3	121.5	120.4	120.1	121.5	121.8	122.3	122.7	123.1	122.8	122.9	123	123.7	123.5	122.9	122.7	123.3	123.9	124.9	125.3	127.2	126.9	127.7	128.3	129	128.9	128.2	128	129.2	129.3	130.2	130.4	130	130.1	130.9	130.9	131.7	131.7	130.3	130.5	131.4	131.2	131.6	132.9	132.4	132.1	132.6	132.5	132.7	133	131.9	131.7	132.8	132.5	133	134.3	134.4	134.6	135.7	136.4	136.5	135.9	135.5	135.4	136.9	137.4	139.1	139.5	139.5	139.4	140.8	141	140.9	140.8	140.3	140.9	141.6	142.5	144.6	145	144.5	143.8	143.3	142.8	143.2	142.3	140.4	139.9	140.6	140.6	141.5	141.7	141.8	142.2	143.1	143.6	144.1	143.6	142.4	141.7	142.9	143.4	144.7	144.7	144.2	144.8	144.6	145.6	146.1	145.9	144.9	144.6	146.1	147.5	148.7	149.3	149.4	149	149.7	150.7	151.6	151.1	150.2	149.9	151.1	151.9	153.5	152.9	152.8	154	154.3	154.8	155	153.8	152.6	153.3	153.9	153.6	155	155.6	155.5	155.4	156.6	156.8	157.6	158	158.5	159.2	160.7	161.6	163.9	166
Shelter	97.5	97.3	98.4	98.9	100	100.3	99.9	99.9	99.6	99.8	98.4	98.9	99.3	99.4	99.4	99.1	99.4	99.3	99.5	100.3	100.7	101.7	101.7	100.1	102.1	102.5	103.2	102.3	102.9	103.4	103.3	103.4	103.6	103.8	104	104.4	104.3	104.5	104.6	105.1	105.3	105.7	106	106.2	106.5	107	107.4	107.4	107.5	107.7	108.1	108.4	108.6	108.8	109.4	109.3	110	110.7	110.8	110.5	111.8	111.7	111.9	112.2	113	112.8	113.2	113.5	114	114.1	114.1	114.6	114.8	114.9	115.4	116.2	116	116.8	117	117.6	117.8	118.7	118.8	119.2	119.2	119.6	120.1	121.2	121.6	122.3	123.3	123.8	123.1	123.2	123.4	123.4	123.1	123.2	122.6	121.4	121.4	121.3	120.8	121.1	120.9	121.2	121.3	121.3	121.8	121.8	121.7	122.4	123	123.3	124.3	124	123.9	124.6	124.4	124.6	124.5	124.5	124.6	125.2	125.2	125.4	125.9	126.2	125.7	126.5	126.3	126.8	127.1	126.9	126.6	126.6	126.7	127	127.2	127.4	127.2	127.6	127.5	127.5	127.8	127.9	128	128.2	128.3	128.5	128.8	128.8	129	129.2	129.8	129.9	130.5	130.7	131.4	132.4	132.6	132.2	132.6	132.4	132.5	132.8	132.8	133	133.1	133.1	133.3	133.1	133.2	133.5	133.8	133.9	133.9	134.3	134.4	134.5	134.6	134.7	134.8	134.9	135.1	135.6	136	136.2	136.2	136.9	137.2	137.3	137.8	137.6	137.7	137.9	137.7	137.8	137.7	138	138.1	138.6	138.9	139.2	139.7	140	140	140.3	140.4	140.5	141	141.2	141.5	142	142.3	142.3	143	143.4	143.8	144.1	144.2	144	144.3	144.6	144.8	145.7	145.9	146.3	146.4	146.7	146.5	146	145.6	146.4	146.4	146.8	147.3	148.3	148.7	148.7	148.4	148.8	150	150.7	151.7	152.8	153.5	153.9	154.4	155.4	155.9	156.8	157.6	158.6
"Household operations, furnishings and equipment"	97.1	97.6	97.8	98.4	98.6	98.8	98.8	98.9	99.5	99.3	99	99.3	99.2	99.4	99.9	100.1	100	100.2	100.3	100.4	100	100.1	100.2	100.2	100.1	100.6	100.6	100.7	100.6	100.6	100.7	100.8	101.1	101.1	101	101	100.9	101.2	101.3	101.6	101.4	101.1	101	101.1	101.4	101.1	101.2	101.3	101.3	101.5	101.7	101.5	101.6	101.7	101.7	101.8	102.1	101.7	102.1	102.2	102.3	102.5	102.4	102.3	102.4	102.1	101.4	101.7	102.1	102.2	102.2	102.2	102.4	103	103.2	103.3	103	103	103.2	103.5	103.7	103.4	103.3	103.5	103.3	104.1	104.1	104.4	104.3	104.3	104.4	104.4	105.6	105.2	105.5	105.5	105.7	106.4	106.8	107.3	107.6	107.3	107.1	107	107.9	107.9	108.5	107.5	107.9	108.3	108.3	108.5	108.6	108.6	109.2	109	109.4	109.3	109.5	109.3	109.6	110.1	110.4	109.8	110.4	110.7	110.7	111.2	111.6	111.9	112.1	111.8	112.2	112.8	112.7	112.6	112.8	113.1	113	112.7	113.2	113.5	113.7	113.2	113.5	114.3	114.7	114.3	114	114.2	114.5	114.1	114.5	114.7	114.8	114.7	114.7	115.3	115.7	115.5	115.8	116.4	116.3	117.5	117.6	118.1	118.2	117.8	118	118.9	119.4	119.7	119.7	120	120.1	120.4	120.5	120.6	119.8	119.6	120	121	121.4	121.6	122.1	122.4	122.3	122.2	121.9	122.1	121.6	121.3	121.4	121.7	121.4	122.2	122.4	122.7	122.2	121.9	121.4	122.3	122.7	120.9	122.4	123.4	122.9	123.9	122.8	122.6	123.1	122.9	123	124	123.8	123.4	123.3	123.6	123.5	123.8	123.9	124.1	123.5	123.5	123.6	123.8	123.6	122.9	122.6	123.3	123.7	124.2	123.6	123.7	124.2	124	124	124.3	124.3	123.6	124.3	124.3	123.5	124.7	124.7	124.8	125.6	125.8	125.9	126.5	126.3	126.1	126.7	127.6
Clothing and footwear	99.6	101.3	102.6	101.2	99.7	99.3	100.6	101.3	102.6	101.9	100	98.7	97.2	100.2	101.9	101.4	99.5	99.1	99.8	99.9	102	101.8	100	97.2	96.6	98.7	100.3	98.7	98.3	96	96.6	96.8	99.8	99.9	99.1	97.5	97.2	98.8	100.1	98.7	97.7	96.9	96	96.8	99.7	100.2	98.2	95.8	95.1	97.9	100.8	97.8	97.3	96.3	96	97.2	100.6	99.3	96.8	95.5	94.2	95.5	98.3	95.8	96.1	94.1	93.5	95.4	98.5	97.7	97	93.5	94.2	95.4	97.5	97.7	96	93.1	94.6	95.4	97.4	97.1	96.4	93.7	92.2	94.1	96	94.3	93	92.5	93.3	93.7	96.1	94.4	94.1	91.3	91.8	93.6	95.7	95.1	93.9	91.3	91.3	92.1	94.9	95	95.1	90.6	90.1	91.2	93.6	94.1	92.7	89.7	88.8	90.1	92.8	94.9	92.1	88.8	87.9	89.4	94.4	93.1	93.7	90.4	89.7	90.6	95	96.1	93.1	89.1	89.3	91.9	94.8	95.3	93.4	90.5	89.1	89.5	93.3	94.7	92.5	89.2	87.9	91.4	95.3	94.7	93.9	91.2	90.4	91.6	93.7	94	92.1	89.4	89.2	91	94	95	94.5	92.7	91.8	92.1	95.6	96.9	94.7	91.1	91.1	93.3	96.4	96.2	95	93	93	94	96.7	97.7	96.7	91.7	90.8	92.1	96	96	96	94.1	92.6	93.6	96.8	97.5	95.5	91.9	91.1	92.9	95.1	94.1	94.6	92.5	92.5	93.2	94.6	96	95.3	92.4	91.7	93.3	95	96.2	95.4	94.2	93	93.7	96	97.2	95.9	92.6	92.2	94.8	96.4	97.2	96.7	94.9	94	94.7	98.5	99.4	98.5	95.3	95.8	97.4	99	93.2	91.5	92.4	92.1	93.5	94.5	95.4	96.2	92.1	91.9	92.7	93.7	94.9	95.1	93.4	93	93.3	94.7	96	96.9	93.1	93.4	93.8
Transportation	97.5	97.8	96.8	98.3	99.6	98.9	97	97.3	98.9	96.9	94.4	93.7	94.4	94.8	97.1	99.5	99.7	99.7	100.7	101.9	101.8	102.6	103.6	104.2	105.5	107.1	107.6	105.4	104	103.7	104.1	105.9	105.6	103.9	104.8	104.7	105.8	105.5	106.2	106.7	110.2	109.4	108.8	107.6	106.9	107.6	109.1	108.4	108.8	109.3	110.3	111.2	110.9	111.3	111.8	113.9	116.7	114	113.2	113.1	114.7	112.7	114.2	117.9	117.8	117.3	118.3	118	112.8	111.7	112.7	114.1	113.3	114.2	117.7	118.6	120.7	119.2	118.5	116.3	116.9	115.2	116.7	117.5	117.6	117	117.8	120.1	123.6	125.8	125.7	123.1	122.4	117	113.2	110.3	108.8	110.2	110.5	110.5	113.5	116.1	114.3	114.8	113.6	113.4	115.4	115.5	117.2	116.7	117.1	117.4	118.1	117.3	117.4	117.1	117.1	118.6	120.7	121.2	122.8	122.6	124.8	127.2	128.9	125.5	125	125.3	126.3	126.5	127.6	125.2	127.4	127.8	129.5	131.3	129.9	127.6	126.4	127.5	128.3	128.6	127.3	125.8	126.7	130.3	129.5	128.6	129.2	130.2	129.8	129.2	129.3	128.5	128	128.5	129.2	130.8	131.7	132.2	132.7	133.1	131.5	130.8	130	129.9	127.7	124.9	122.4	124.3	126.6	126.6	128	129.6	129.2	127.8	125.4	125.8	126.3	125.6	125.1	123.7	125.3	127.8	129.4	131	128.9	128.2	128.3	129.6	128.1	129.4	133	131.9	131.1	133.2	132.3	131.8	131.3	131.8	133.2	133.5	135.7	135.7	137.2	137.7	138	139.5	139.7	140.5	142	141.3	138.4	139.3	137.1	138	136.6	137.9	140.6	143	144	142.7	144.2	143.3	140.3	141.3	141.5	143.1	143.4	144	138.9	136.7	139.7	142.8	142.8	141.5	140.4	141.1	141.3	142.3	144.9	147.1	148.8	149.5	150.3	150.8	152.2	153.8	153.2	155.4	155.4	154.9	156.9	159.9
Gasoline	103.1	103.8	101.4	106.9	112.8	108	97.6	99	106.5	98	88.2	84.5	86.7	87.9	96	102.5	100.6	99.7	102.5	105	105.2	106.9	104.9	102.2	108.4	116.1	117.2	106.7	99.3	100.5	102.4	111.6	110.8	103.5	100.5	100	105.8	109.4	112.3	113.9	129.4	125.1	120.7	120.3	118.8	124.5	118.3	112.1	114.9	118.7	124.9	131.4	127.3	130.4	135.5	144.4	160	145.7	129.4	128.6	136.9	127.6	134.1	152.2	151	150.5	157.3	157.5	130	124.8	125.3	130.5	126.4	131.3	147.6	151.4	159.7	153.1	152.9	145.4	146.5	141.7	147.4	149.9	152.8	153.7	159.3	168.9	183.7	194.3	196.7	183.7	185.3	160.5	126.2	111.3	116.9	123.4	125.9	127.1	137.6	147	141	144.7	142.6	139.5	144	139.8	144.8	142.3	147.6	147.8	147.1	142.8	147.8	147.4	147	151.8	154.4	158	163.6	164.6	175.5	186.8	190.5	183.5	182.5	181	180.4	179.4	175.2	170	174.7	179.2	187	192.9	186.1	180.2	180.1	184.9	188.8	186.6	175.9	171.7	171.6	186.1	186.5	181.3	183.3	188.5	191	189	188.2	178.6	176.6	179.7	179.5	183.7	189.2	193.2	194.8	198.7	195	188.8	187.2	179.7	166.2	149.9	131.3	143.7	152.8	152.6	161	170.6	171.3	165.1	152.1	149	148.6	142.7	134.1	124.9	132	143.7	149.6	156.1	147.4	146.1	147.3	152.7	146.1	150.6	161.7	153.7	152	166.5	159.8	153.9	154.2	158.7	168.1	162.7	174.7	168.9	174.3	173	178	190.1	196.4	191.8	193.3	190.3	188.3	182.3	165.2	154.4	149.6	152.4	170.1	187.1	189.2	174.1	179.9	170.9	169.5	170.1	166.7	165.8	166.4	163.1	134	113.6	132.8	146.7	153.1	151.9	151.3	149	146.8	151.7	160.9	171.3	181.3	184.6	190.5	193.6	200.4	201.3	201	211.1	210.8	202.2	211.9	226.6
Health and personal care	97.9	98.4	98.3	98.7	99	99.5	99.4	98.9	98.9	99.6	99.3	99.2	98.9	99.4	99.2	99.8	100.2	100.4	99.9	100.1	100.2	100.6	100.6	100.6	100.5	100.8	100.5	101.2	101.4	101.1	101.2	101.7	101.9	101.9	102.2	101.9	102	102	102.4	103.1	103.1	103.1	103.2	102.8	103.2	103.1	102.8	103.1	103	103.7	103.9	104.7	104.5	104.9	105.2	104.9	104.8	104.9	105.4	105.2	105	105.4	105.5	105.9	106.1	106.1	105.7	105.5	106	106.1	106.7	106.3	106.3	106.5	106.4	106.8	107.4	107.9	107.5	107.6	107.6	107.5	108	107.7	107.5	107.7	107.9	108.3	108.6	108.7	108.5	109.3	109.4	109.2	110.1	109.9	110.4	110.4	110.5	111.1	112.1	112.8	112.5	112.5	113.7	112.9	113.6	113.2	113.8	113.7	113.5	114.8	114.6	114.7	115.6	116.4	116.1	116	116.1	115.8	115.8	116	116.4	117.3	117.2	116.9	116.7	117.5	117.5	117.4	117.9	118.1	118.1	118.4	118.3	118.9	118.8	118.9	118.5	119.8	118.5	118.5	118.7	118.6	118.5	118.6	118.3	118.6	118.3	118.4	118	118.1	118.4	117.9	118	118.1	118.3	118.4	118.1	118.9	119.2	119	118.9	119.2	119.3	118.8	119.9	119.6	120	120.1	119.5	120.1	120.7	120.5	120.6	120.5	120.7	120.7	121.6	121	121.5	121.5	121.4	122.2	122.3	122.2	122	122.7	122.4	122.8	122.9	122.6	123.4	123.3	123.5	124.2	124.1	124.4	124.7	125	124.5	125.3	124.2	124.4	125.1	125.6	126.3	126.2	125.9	126.3	126.1	126.7	126.1	126.3	125.1	125.6	125.9	126.4	126.6	127.1	127.3	127.7	128	127.8	127.8	127.9	128	127.9	128.6	128.8	128.6	128.7	128.4	128.3	128.8	129.6	129.8	130.2	130.6	130	130.3	130.5	130.5	132.5	132.4	132.6	133.4	133.3	133.7	133.9	134.1	133.4	134.1	134.6
"Recreation, education and reading"	96.1	97.3	97.7	98.1	99.2	99.4	99.9	99.9	99.7	98.6	97.5	97.3	96.8	98.2	98.9	98.7	100.4	100.7	101.7	101.7	101.9	101.1	100.3	99.7	99.3	100.6	100.3	100	100.7	101	101.2	101.4	102	101.6	100.9	100.1	99.1	100.2	100.8	100.6	101.6	101.7	102.1	101.8	102.4	101.6	100.9	100.5	99.3	100	100.4	100.4	100.9	101.1	101.7	101.7	102.2	101.3	100.6	100.2	99.1	99.7	100.2	100.2	101.5	101.3	101.3	101.2	101.5	100.9	100.5	100.1	99.2	100.2	100.9	100.9	102.2	102.5	103	102.9	103.4	102.7	102	101.2	99.6	100.8	101.3	101.6	102.9	102.9	103.2	103.5	103.9	103	101.9	101.2	99.7	101.1	101.8	102.4	103.8	103.8	104.3	104.4	104.9	104.5	103.7	102.8	101.1	104.1	102.5	102.9	103.6	104.2	105.1	105	105.6	105.2	104.3	103.9	102.7	103.8	104.9	105.1	106.1	106	106.8	106.4	106.9	106	104.8	104.1	102.6	103.7	104.9	105.4	106.7	106.7	107.2	107.6	107.7	106.6	106.1	105.3	103.7	104.7	105.2	105.2	106.5	106.6	107.7	107.9	107.9	106.9	106.2	105.3	104.7	106.4	106.5	106.2	107.8	108.2	108.9	109.4	109.6	108.7	106.8	106.1	105.6	107.9	108.7	107.7	109.9	110.6	111.2	111.7	112.3	110.8	108.8	107.9	107.9	109.6	110.9	110.3	111.7	112	113.3	112.9	113.8	112.4	111.1	110.2	111.3	113.2	114.9	113.9	114.5	114.9	115.8	115.3	116.2	114.1	113	111.2	111.8	114.1	116.4	113.7	116.5	115.6	117.9	117.5	117	116.1	114.3	112.9	113.3	115.2	116.6	115.8	118.6	117.9	121.1	119.8	118	117.6	114.5	113.2	113	116	116	115	115.5	116.3	116.3	116.1	116.6	116.1	115.6	115.5	116.3	116.1	116.4	116.8	117.6	118	119.7	118.6	119	120.1	118.5	117.7	119.2	120.9
"Alcoholic beverages, tobacco products and recreational cannabis"	80.2	80.5	80.5	83.6	85.2	85.3	85.5	86.1	86.2	86.4	90.4	90.6	90.8	91.4	92.4	94.5	96.1	100.5	104.8	105	105.2	106.2	106.7	106.5	106.8	108.1	108.3	108.9	110.2	110.4	110.5	110.9	111	110.9	111.4	113.3	113.9	114.2	114.3	115.1	116	116.5	116.7	117.1	117	117	117.1	116.9	117.4	117.5	118.4	118.6	119.4	119.6	119.5	119.7	120	119.7	120	119.4	120	120.5	121.5	121.9	121.8	121.8	121.5	121.8	122	122.2	122.3	123.2	124.2	124.2	124.1	124.5	125.2	125.7	126	126.1	126.6	126.3	126.5	126.2	126.4	126.8	126.6	126.7	127.4	127.7	127.6	127.5	128	128	128.5	128.7	129.2	129.2	129.7	129.7	131.2	131.6	131.5	131.4	131.3	131.4	131.3	131.2	131.1	131.4	131.5	131.8	132.1	132.2	134.5	134.4	134.4	134.5	134.6	134.6	135.2	135	134.8	135	135.7	135.6	136.1	136.1	135.9	135.8	135.8	135.8	136.3	136.6	137.5	137.7	137.7	137.5	137.6	137.8	137.7	137.8	138.3	138.3	138.9	139.4	139.8	140.1	141.1	140.9	140.5	140.4	140.9	141	141.1	141.2	140.9	142.9	145.3	145.1	146.2	146.7	147.1	148.4	148.5	149.2	149.4	149.1	149.9	150.3	150.7	151.4	151.9	152.1	152.2	152.6	152.9	152.9	153.8	153.5	154.5	155.2	156.2	156.5	156.8	156.7	157.1	157.3	157.7	158.1	158	157.8	158.7	159.2	159.7	160.1	160.7	161.2	161.7	162	162.5	162.4	162.5	162.2	163.2	164.1	166	167.9	168.1	168.9	169	169.5	169.7	169.7	169.9	169.3	170.6	170.9	170.9	171.3	171.7	171.2	171	171.1	170.9	171.3	172	170	171.4	171.4	171.5	172.1	172.1	172.2	172	171.8	172.1	172.5	172.1	171.4	172.5	173.2	173.6	174.4	175.2	175.5	175	176.2	175.8	176.2	176.6	175.7	178.2	178.5
All-items excluding food and energy	96	96.5	96.6	97	97.3	97.4	97.8	97.9	98.1	98	97.8	97.7	97.6	98.2	98.7	99.2	99.6	100	100.6	100.9	101	101.2	101.4	101.5	101.5	102.1	102.3	102.3	102.5	102.3	102.4	102.6	102.9	103	103.3	103.2	103.1	103.2	103.5	103.6	103.9	103.8	104	103.8	104.1	104.1	104.6	104.6	104.3	104.7	105.1	104.8	105.1	105.2	105.1	105.3	105.7	105.6	106.1	106	105.8	106.1	106.6	106.6	107	106.7	106.5	106.8	107.4	107.5	107.7	107.6	107.6	108	108.5	108.7	109	109	109.1	109.2	109.7	109.6	109.6	109.4	109	109.4	109.6	109.9	110.3	110.3	110.4	110.5	110.8	110.6	111.3	111	110.3	110.8	111.1	111.2	111.7	111.7	111.5	111.5	111.8	112	112.2	111.7	111.6	112.4	112.1	112.5	112.8	112.7	113	113	113.4	113.9	113.9	113.5	113.4	113.7	114.4	114.4	115	114.3	114.3	114.7	115.5	115.6	115.7	115	115.2	115.6	116.1	116.6	116.7	116.2	115.8	116	116.4	116.7	116.7	116	115.9	116.9	117.2	117.2	117.3	117.2	117.1	117.1	117.5	117.8	117.5	117.1	117.3	118.2	118.6	118.8	119.1	119.1	118.9	119.4	119.7	120.2	119.8	119.3	119.5	120.3	121	121	121.3	121.3	121.3	121.5	121.9	122.2	121.9	121.3	121.6	122.3	123.1	123.3	123.8	123.9	123.8	123.8	124.3	124.5	124	123.5	124.3	124.8	125.2	125.2	125.5	125.6	125.6	125.6	125.8	126.2	126.2	125.6	126.2	127.1	127.6	127.5	127.6	127.8	128.5	128.5	128.1	128.8	128.4	128.5	128.6	129.6	130	130.1	130.7	130.8	131.3	131.3	130.8	131.4	131	130.8	131	132.1	132.2	131.8	131.5	132.1	131.9	131.9	131.9	132.5	132.7	132.2	132.8	133.1	133.4	134.2	134.6	135	135.6	135.9	136.2	136.8	136.8	136.7	137.5	138.3
All-items excluding energy	95.8	96.4	96.7	97	97.4	97.6	98	97.9	97.9	97.8	97.7	97.9	98	98.6	99	99.4	99.7	100.1	100.6	100.7	100.6	100.7	101.2	101.4	101.5	102	102.2	102.2	102.4	102.3	102.4	102.4	102.5	102.6	103	103.1	103	103.1	103.4	103.4	103.8	103.9	104	103.8	104	104.1	104.7	104.8	104.5	104.8	105.2	105.1	105.4	105.5	105.4	105.6	105.7	105.7	106.2	106.2	106.3	106.5	106.9	106.8	107.3	107.2	107	107.2	107.6	107.8	108.1	108	108.2	108.9	109.1	109.3	109.6	109.6	109.7	109.7	109.9	109.8	109.9	109.8	109.6	110	110.2	110.5	111	111.3	111.5	111.7	112	111.8	112.8	112.6	112.1	112.7	113	113.1	113.5	113.6	113.5	113.3	113.4	113.4	113.9	113.5	113.6	114.2	114.1	114.4	114.6	114.6	115	114.9	115.1	115.5	115.6	115.4	115.5	115.8	116.8	116.7	117.3	116.8	117	117.2	117.8	117.9	118.2	117.5	117.9	118.3	118.7	119.1	119.3	118.8	118.7	118.8	118.9	119.2	119.3	118.7	118.7	119.7	120	119.9	120.1	119.9	119.9	120	120.1	120.3	120.3	119.9	120.1	121	121.5	121.6	122.1	122.2	122.1	122.4	122.6	122.9	122.9	122.5	122.9	123.7	124.3	124.3	124.8	124.8	124.8	124.9	125.2	125.5	125.4	125	125.6	126.2	126.9	126.9	127.2	127.3	127.2	127.1	127.2	127.3	127	126.6	127.3	127.8	128.2	128.2	128.6	128.8	128.9	128.8	128.8	129.1	129.2	128.7	129.5	130.3	130.6	130.6	130.6	130.9	131.6	131.6	131.1	131.7	131.6	131.9	132.2	133	133.5	133.5	134.1	134.3	134.9	134.8	134.3	134.7	134.6	134.5	134.9	135.7	135.8	135.7	135.5	136.1	136	135.7	135.6	136.2	136.5	136	136.7	137.1	137.3	137.9	138.5	138.8	139.5	139.8	140.1	140.7	141	141.1	142.1	143.1
Energy	101	100.2	101.5	105.2	110.7	109.3	102.7	102.9	105.7	101	92.2	91.9	94	94.4	98.1	99.9	99.1	98	99.5	102.9	103.9	106.8	105.1	98.4	108.3	113	115.3	106	103.7	105.7	106.2	110.7	110.6	105.7	104.4	105.1	107.1	109.5	110.6	112.8	120.5	119.4	117.5	117.6	117	119.5	117.1	113.6	115	117.5	121	124.9	122.5	124.1	128.3	132.2	142.1	135.6	127.4	125.2	132.7	127.1	130	138.9	139.8	138.4	142	141.7	128.8	123.8	123.8	127.1	125.2	127.1	135.9	139.1	142	140.1	139.6	136.4	136.6	134.5	136.5	138.2	139	139.4	143.2	150.2	158.4	165.3	169.1	164	161.5	147.5	130.7	123	123.8	127.2	127.1	123.9	129.4	133.9	129.6	132.6	131.3	128.8	132.4	130.3	133.9	132.3	134.5	136	137.4	135.7	139.8	139.2	138.7	140.5	141.3	144	146	146.3	151.7	159.2	160.2	157	157.9	157.9	156	156.9	154.1	152.7	155.5	156.9	159.5	161	157.7	155.7	156	159.2	160.6	159.5	153.8	151.9	152.8	160.1	159.9	158	159.3	162.1	164.2	163	163	157	157.4	158.9	160.2	162.6	167.2	171.2	172.7	173	171.9	168.3	167.4	163.6	156.5	148.7	139.5	145.1	149.8	148.1	152.4	157.5	159.2	156.1	149.3	146.6	146.5	143.4	139	134.6	138.1	143.4	146.9	150.6	147.4	147	147.3	150.2	146.8	149.1	155.8	151.1	149.8	157.2	151.8	148.7	147.8	150.4	154.5	151.7	157.9	155.8	159.5	159.1	161	167.1	169.4	167.2	168.8	167.2	166.3	163.7	155.8	150.1	148.5	150.1	159.1	168.2	169.2	160.3	163.4	159.3	158.7	158.9	158.1	158.3	158.6	156.6	140.6	128.3	137	146.2	149.7	149.3	149.8	149.4	149.1	152	154.3	160.4	167.4	170.2	173.2	174.7	179.2	180.2	179.9	187.5	188.4	184.2	190	199
Goods	97	97.4	98.1	99.1	100.4	100.1	98.9	98.8	99.2	98.3	96.8	97	97.5	98.2	99.2	99.9	99.6	99.9	100.5	100.9	100.9	101.4	101.7	100.3	101.9	103	103.6	101.9	101.8	101.5	101.6	101.9	101.9	100.9	101.5	101.6	101.9	102.1	102.6	102.9	104.4	104.3	103.8	103.4	103.4	103.8	104.3	103.8	103.5	104.1	105.2	105.6	105.3	105.5	105.7	106.6	108.2	106.9	106.4	106	107.3	106.4	107.2	108.1	108.4	107.9	108.1	108.1	106.4	105.6	106.1	106.1	106.3	107.4	108.8	109.2	109.6	108.9	108.6	107.7	107.8	107.1	107.6	107.4	107.3	107.4	108.1	109.2	110.4	111.6	112.1	111.5	111.5	108.9	108.1	106.5	106.2	107.3	107.6	107	108.1	108.6	107.7	107.8	107.4	107	108.6	107.6	108.4	108.5	109	109.4	109.4	108.7	109.1	109.1	109.2	109.7	110.1	110	110.5	110.8	113	113.7	114.4	112.8	112.9	113.2	113.5	113.9	113.8	112.6	113.6	114.1	114.8	115.3	114.7	113.5	113.2	114	114.2	114.5	113.8	112.6	112.9	115.2	115.4	114.9	115	114.8	114.7	114.7	114.8	114.3	114.3	113.8	114.2	115.6	117	117.5	117.9	117.8	117.1	116.7	116.9	116.9	116.2	114.6	114	115.3	117	116.7	117.6	118	117.9	117.5	116.8	117.1	117.3	116.3	116.6	116.5	117.8	118.6	118.9	119.1	118.2	117.9	117.8	118.3	117.6	117.4	118.9	118.7	118.8	119.5	119	118.5	118.3	118.4	118.8	118.8	119.9	119.4	120.2	120.7	120.9	122	121.6	121.7	121.6	121.4	121.1	121.4	120.5	119.6	120	121.4	122.7	123.7	123.9	122.8	123.2	122.5	122.7	123	123.3	122.6	123.7	123.9	122	120.2	121	122.6	122.9	122.3	122.2	122.9	123.2	122.5	123.8	125.2	126.2	126.8	127.9	128.1	129.1	129.4	129.6	130.9	131.7	130.8	132.7	134.7
Services	95.6	96.1	96.2	96.5	96.9	97.3	97.8	98	98	97.9	97.6	97.7	97.8	98.3	98.6	99	99.7	100	100.5	100.9	100.9	101.1	101.3	101.9	102.1	102.6	102.7	102.9	103.2	103.5	103.7	104	104.3	104.6	104.5	104.7	104.6	104.8	105	105.2	105.6	105.8	106.2	106.2	106.5	106.7	106.8	107	106.9	107.2	107.4	107.6	108	108.3	108.5	108.5	108.7	108.9	109.1	109.2	109.2	109.5	109.9	110.3	111	111.1	111.2	111.4	111.9	112.2	112.4	112.6	112.5	113	113.4	113.9	114.5	114.8	115.3	115.6	115.9	116.1	116.2	116.5	116.2	116.9	117.1	117.7	118.7	119.1	119.4	119.6	119.8	120	120	120.1	119.7	120.2	120.4	120.7	121.3	121.5	121.6	121.6	121.9	122.1	121.8	121.8	121.8	122.6	122.2	122.6	123.2	123.6	124.5	124.3	124.5	124.9	125	124.9	125	125.3	125.7	125.9	126.7	126.8	127.1	127.3	127.8	127.7	127.8	127.7	127.8	128.2	128.6	129.1	129.5	129.6	129.7	129.6	129.8	129.8	129.9	129.7	129.6	130.1	130.3	130.3	130.9	131.1	131.5	131.6	131.7	131.8	131.8	131.7	131.9	132.5	132.5	132.9	133.6	133.9	134.2	134.7	134.8	134.9	134.5	134.5	134.7	135.5	135.6	135.6	136.2	136.5	136.8	137.1	137.4	137.4	136.9	136.8	137	137.7	138	138	138.8	139.1	139.7	139.6	139.9	139.9	139.6	139.5	140.2	140.7	141.1	141.4	142	142.4	142.6	142.7	142.8	143	142.8	142.3	143.3	144.3	144.9	144.6	145.3	145.5	147.1	147.1	146.3	146.8	146.6	147.3	147.1	147.6	148.1	148.1	149.2	149.6	150.7	150.9	149.5	150.1	149.4	150.1	149.7	150.8	151.1	151.1	151.1	151.6	151.5	151.6	151.5	151.9	152.1	152.1	152.5	152.6	152.9	153.7	154	154.6	155.4	155.7	156.1	156.7	156.5	157.2	157.7	158.4
